psi_true,psi_pred
0.03625933519210587,0.15256301846427514
0.036525317841458585,0.15295245955735662
0.036328662644523405,0.1526726156773728
0.03651057550007018,0.1529309284307188
0.03649262373870687,0.1529033419035545
0.037044650817967574,0.15369601424542054
0.036956943346472294,0.15356605237423274
0.036496356764602327,0.15292710973037874
0.0365802818058203,0.15304235479702186
0.03711648377965097,0.15378921645935448
0.03688183119964302,0.15347664533618352
0.03745397690295732,0.15429341674026073
0.037288427247204575,0.15404985223233783
0.03739267251652689,0.15417557960678865
0.03719870557066025,0.15391831144184873
0.036759770290388336,0.15332647427826587
0.036615049240949285,0.1531091751731594
0.03774513499589264,0.15472064585387754
0.03732394754231459,0.15407308770066938
0.03740629886953294,0.15421132356218056
0.03728924841423162,0.15409061254045694
0.037846675605439514,0.15488388630200337
0.037019615694566334,0.15368822994401396
0.03787818523813412,0.15485039633814265
0.03758506636441127,0.15445416669536147
0.03838677815964862,0.1556234511682186
0.03748408779846572,0.1544059344348259
0.03685285585736675,0.1534759856976279
0.038676562240541223,0.15607019603992076
0.03789634023907565,0.15487099171653881
0.03808511467432158,0.15516134317870692
0.03742178940936251,0.15426291533077793
0.03806918582626294,0.15524471876120585
0.037152614964965316,0.15394121973530125
0.03872841813888745,0.15617943103517865
0.037302668444595344,0.15413378808905479
0.038538720893187356,0.15576952356622872
0.037371759598330626,0.15413947647647605
0.0384163469634731,0.15566036652223694
0.038995164302895645,0.15652230028606598
0.037193609485662874,0.15402094434405947
0.03940377663674079,0.15717320685462746
0.037237907052659516,0.15407737816284925
0.0392154910572289,0.15688324168514625
0.03679174534306785,0.15329560691347163
0.039447036477407875,0.15705558352694396
0.03772444373774293,0.15469412180589778
0.03753397779144352,0.154473929012354
0.03957618856642381,0.1574322025662732
0.03771826179606771,0.15481198118472797
0.03970111207250751,0.15760565103666244
0.03766675998477678,0.1547153008409746
0.03914046992120174,0.15661284433216213
0.03725841765813519,0.15398706292458583
0.039474596667863834,0.15720486518317742
0.03946253199782077,0.15712603981875542
0.03970250381841893,0.15758291853504178
0.03820080767711981,0.15548746985911757
0.03764021562465687,0.1547172625391098
0.040104514771667064,0.15822115454567173
0.03778847453258867,0.15493788452600557
0.04006796600524401,0.1581524319931106
0.038239266663692525,0.1553479621439964
0.036840183912377734,0.15337218242176356
0.039080475868391036,0.15655518823601092
0.03795243525151817,0.15508934266148736
0.037736974997786304,0.15472533998982138
0.038030595659235535,0.15526103573580405
0.03898656792080124,0.1566409862223663
0.040460506245515185,0.15873717061897633
0.03802826024171188,0.15533834715876174
0.040572173200024125,0.158912543021993
0.03819497916813952,0.1555561058183044
0.03824172940953991,0.1553603709047325
0.040098112814460594,0.15796314770450223
0.03879383392971332,0.15616835498226792
0.04001281592696271,0.1580404515875882
0.03975261757756508,0.1576098973497719
0.03931436386453363,0.15694431963009356
0.0404020599436445,0.15865298167891786
0.03946038976240712,0.15734427759606026
0.03887454084981964,0.1565632409494261
0.04118082084296375,0.15982610938299227
0.03845532203932433,0.1559872835876199
0.04093455920469939,0.1594642278407186
0.03892519085574212,0.15632900730389568
0.037882022020158175,0.15488169079832745
0.038309588079314005,0.15569150833183668
0.03809845736299642,0.1553271923044228
0.03812969344477004,0.15531866848208184
0.03855462637818466,0.15610941239175366
0.03992817328994565,0.15806262538597496
0.04082379605622957,0.15934764371082547
0.03898524811989437,0.15680444438066152
0.04170400455515511,0.16059968233071306
0.03887862165761513,0.1566412822494679
0.03900469507311867,0.1564693065322991
0.04018366560013472,0.15812648281241207
0.040702072344282525,0.15911134975279204
0.04043420101695154,0.15866494103819231
0.040267446614647935,0.15837202035610068
0.04034613486220212,0.15842931795613222
0.041133422086559915,0.1597884674849366
0.040845318992459974,0.15938194747160525
0.0409447648430169,0.15960955846541477
0.042263615825092055,0.16145217319019903
0.039253763728772734,0.15724872842452894
0.041761987928496336,0.16073917910481436
0.0394005384126242,0.1570545172529442
0.038763275910636455,0.15615627990402384
0.03771042829987637,0.15469027107909258
0.038868759367311295,0.15660607647354732
0.0386108401153995,0.1561704034883066
0.03851103693117941,0.15596926288836085
0.03825770895733573,0.1555616254272191
0.03920722222606886,0.15716175575149724
0.04115176244675834,0.15990670016429023
0.040016529633864956,0.15836409457096143
0.042200477571385245,0.16140619161545203
0.039719715442096376,0.1579874622278402
0.04256266794998906,0.1619366769658924
0.03961351030406981,0.15781836769811777
0.03929432697069534,0.15695105705437154
0.03898333496416616,0.1564974056192048
0.0407253820100551,0.1589420539180392
0.041328730982202896,0.16011476769938046
0.04103054704152867,0.15962354160213058
0.040876165934894175,0.15934184835851414
0.04084032426759249,0.15923658256132175
0.04110938388789114,0.15957490692964924
0.04182938250948558,0.16089204037971191
0.04252826251278949,0.1618572598587876
0.043689674940229156,0.1635335095418798
0.04033936505416412,0.15890099334322713
0.043793682274503185,0.1637211098165803
0.04016837102966665,0.15869388736848314
0.04254627723373976,0.16197715133957138
0.04018356093702445,0.15824549525540563
0.04032137715339078,0.1584034808137839
0.03870689910633436,0.15618875821675662
0.03951200587000529,0.15765477603499137
0.03917497030296804,0.15710585198815577
0.03895609741100317,0.15673381122901361
0.03885649108093654,0.15654257570499927
0.03885526681866767,0.15651284594684686
0.039936444779541495,0.158335792570771
0.04196149092394123,0.16116427700986272
0.04089708384607883,0.15976276436201528
0.04466147371685028,0.16494742002390142
0.04093185020954245,0.1598712279275545
0.043534666522335126,0.16344155925396217
0.04048412866185213,0.1592022763516793
0.04042909090613339,0.15866605991502333
0.03954377090397,0.15738659653527518
0.04131758427085074,0.15987322484023084
0.0415428900872843,0.1604789893252914
0.04185404912628752,0.16098833616210464
0.04142552080782946,0.16024921392340988
0.04146448666155728,0.16024803781553273
0.04163072800470936,0.16043920235276407
0.042105481800372865,0.1610838326353722
0.0424066379655206,0.16184417509410023
0.0440399728069177,0.1641455707837631
0.04545823807491706,0.1660917833360165
0.041450417019851464,0.16062080602108333
0.04499776957081163,0.16554111915232736
0.04115356595364539,0.16025253335221265
0.04326171207909869,0.16312983360485714
0.04127846513551708,0.15993440115526106
0.04108779558330453,0.15960017873923069
0.03931430145227783,0.1571784292129574
0.03978699175177491,0.15811525624540598
0.040200951991396255,0.15877044204471244
0.03949230278995927,0.15764073213997007
0.03933016710200892,0.15736596708562703
0.03934679429097671,0.15736024885693525
0.0395109518919473,0.15759591337487464
0.04073162420031552,0.15960548682826795
0.04563282275532555,0.16648912839679467
0.04172689224189801,0.16111700397913323
0.04652589682063873,0.16765626011208898
0.0418483789391505,0.16135776037334634
0.04453490070201928,0.16499334263570495
0.04138361777386042,0.16063052403478043
0.0414931633669749,0.16035055275515522
0.040376420661105986,0.15871293824129937
0.042479793677649785,0.16164229472179922
0.041817834058741246,0.16094363340854786
0.04187973431927092,0.161090540284877
0.042193059258214226,0.16160296961632184
0.041957110699489195,0.16108921852344923
0.04225444530744875,0.16146803136570084
0.04272565478893969,0.16210615613642645
0.04339425778700452,0.16305288986424368
0.04283024011241938,0.16258346568659296
0.04615543144316424,0.16732534163394122
0.044031116402219586,0.16439808753051885
0.04645564252631596,0.1676894150625581
0.04246785634264197,0.16229361603554257
0.046153112804854485,0.16735990047757907
0.04211192766015798,0.16178840036636946
0.04388358530456349,0.16415793687812022
0.04281264099893574,0.16230864467303377
0.04257071016800685,0.16185241171515238
0.04020864494178823,0.1586279175021363
0.04003488228562748,0.15855036368577072
0.04039768704644152,0.1591102144651723
0.04089570679710017,0.1598801852182379
0.03981266458205304,0.15820459700585712
0.0397709834867316,0.15812985794931708
0.03994394278276752,0.15838101895569154
0.040414380259723576,0.15908936413408212
0.04152545731388975,0.16086125115985203
0.04731435999116912,0.16903162627118254
0.04806623176138129,0.16998741512573598
0.042889831651392776,0.1629958338428993
0.0483095782728101,0.17035905174156848
0.043107520136940115,0.16336540172291922
0.045396455217721246,0.16639567738798358
0.04228397243249149,0.16205759543337742
0.04306443876801189,0.1628291138787116
0.04148274841816373,0.16049855930938625
0.04402955144727645,0.1640092444715752
0.042213906600020265,0.16159507008408217
0.041944953108257924,0.16125390928275565
0.04193987526299606,0.16129894232743816
0.04226992332502924,0.16183603000742727
0.042689134155279335,0.16223792372332177
0.043341494128548395,0.16314107044742046
0.044129174760754286,0.16425636569589833
0.045104286583892594,0.16566466713160413
0.04302544530380164,0.16299577315891164
0.049239734892871284,0.17179508504967758
0.04796088453967137,0.17001492358394585
0.044611199734143105,0.16550437478899058
0.048211369004157956,0.17035515310141067
0.04426279649803623,0.16512032227552473
0.04748326162395482,0.1694466150908537
0.043276127687338434,0.1636312757159887
0.044279517907996516,0.16488724515693567
0.04499238669653344,0.16566281319591622
0.04437824265210035,0.16462735815935417
0.04133601611716535,0.16048786975068116
0.04024238510696551,0.15894607708965927
0.04051493889082804,0.15934048284234445
0.040944636911625885,0.15998053684958444
0.041527903841258915,0.16086889082685737
0.04015690779203592,0.15883559859963223
0.04028198568402912,0.1590443669936771
0.040716812785499726,0.15972141867841275
0.04159685868184586,0.16106731356760337
0.042270664544735825,0.1620246041399274
0.049334517895715524,0.17211061739675584
0.04707655087746977,0.16899429946985126
0.05124901026545629,0.17449872237923716
0.04449626321692374,0.16553749333279613
0.05107378419115019,0.17437619054540984
0.044591533682342754,0.16571750346532113
0.046150378562441446,0.16767136664988588
0.043241907754706696,0.16355940993272014
0.04505691808213877,0.16601578811281445
0.04302128202927295,0.16298696700486667
0.04619509144451396,0.1672976820728511
0.04279112512175254,0.1625227451364694
0.04210218812373987,0.1615537599197767
0.04169022640983229,0.16099153672261948
0.04162842838418017,0.16094852680375019
0.04200481964410642,0.16155926178418747
0.043705947716649485,0.16382021700141294
0.04481509331909338,0.16540474282022302
0.04609232823277829,0.16724929486663584
0.04754726214038579,0.16937759444417447
0.04290862994469534,0.16295980935953028
0.05294317266719811,0.17723696021210864
0.052349419165717656,0.17616635168173736
0.04620078966538859,0.16810498249358388
0.05032657696982596,0.17350485186943407
0.04619436552840986,0.16819334621265505
0.0488022053639385,0.1715450227656016
0.04451115426874787,0.16558526561342576
0.04445567955744734,0.1653161483598071
0.04796986189490464,0.1702439668333842
0.0470050658500895,0.1686281649288622
0.042889217264454244,0.16305334166407018
0.040424921395708864,0.15933332594391394
0.04054407482521835,0.15945377508369787
0.04086179993016846,0.15988454654848575
0.0413613256850373,0.16061058616788879
0.04204964120897968,0.16165454093536644
0.040538429318379206,0.15956813876447137
0.04096707118831676,0.1602788639344674
0.04181453733390465,0.16161847482417865
0.04315117388331488,0.16369526980813512
0.04297342880208478,0.16309834460113962
0.05376555505720279,0.1785849028478704
0.04929234073184128,0.17243908268741195
0.05459528232972092,0.17934199199099507
0.04618272632265005,0.16825272873866373
0.05425546683215511,0.17896637007394042
0.04611539542803684,0.16816750599590372
0.04680414213682867,0.16883573977158897
0.04419893463605526,0.16505331580343305
0.04769771240854628,0.17027849030476364
0.044944583643384814,0.16616285461717792
0.049264644025584295,0.17193304284108882
0.04363259303632541,0.16385181578252347
0.042407697073456485,0.1620753066368751
0.04149153805226995,0.16074968661046454
0.04094870237505127,0.15997994180327904
0.04086454832232969,0.15990321144995026
0.04133313767230804,0.1606695681304284
0.04511199089334744,0.1659966618146548
0.04681483231940564,0.16846789555591732
0.04871145742544968,0.17123311565238833
0.05082013133518422,0.1743388132837462
0.042473937411897075,0.16245992272125812
0.05799965673238735,0.1844304625944793
0.05528389647284946,0.1806749052634267
0.048445311882662837,0.17169598816861828
0.052472057612509795,0.1767730449947125
0.048180899103086136,0.171470563029083
0.05014306728002273,0.17374489869533374
0.04578790337536203,0.16762492392181308
0.04443110279104673,0.16547855313188917
0.05199012722564919,0.17641883368280367
0.050775526150928466,0.17431335277080198
0.04509501034144516,0.16670223741976173
0.040617860463883215,0.15977977786309625
0.04050048649018296,0.15948283749588346
0.04064103980343571,0.15958993198359542
0.041011491805718954,0.16006966223376093
0.04160609263911666,0.16092768935540183
0.0424588269180204,0.16222991811469759
0.04105910176100239,0.16057232166963528
0.041924915191335635,0.16200697600147326
0.04330912199510031,0.1642238349395229
0.04537663893433059,0.16746760443944012
0.04362615130466422,0.164076906937584
0.05885128766470163,0.18607784561020244
0.05628641869038167,0.18245482638552876
0.05807543547681964,0.18440260953076051
0.04809978277307066,0.1713949488049221
0.05711146343758167,0.1833775973396529
0.04783226518502449,0.17096948750255078
0.047376338865717245,0.16995091209034116
0.045183798724998794,0.16659892136728402
0.0521324181462991,0.17723595346380058
0.048047793105752655,0.17117676983249538
0.05320997320205825,0.17791672966286934
0.04294563259617219,0.16295044419522883
0.04483954151775715,0.16574288274165497
0.04140988470314183,0.16067634432064973
0.04028879504367099,0.15901782547790147
0.03965814438343859,0.15810508424561046
0.03961236612391258,0.1580964368634419
0.04026677689503334,0.15917760331523564
0.04704873222895142,0.16898376499641374
0.04954886290205777,0.17263838078039348
0.052327261948576356,0.17670189284645463
0.0554197174051279,0.18125209211204188
0.04176375752020845,0.1615652462522876
0.06469450123072917,0.19388659516442344
0.06207212849698438,0.19027846318325178
0.053312754750722266,0.1790162618394943
0.050763391906837534,0.17559333994835388
0.05463140692010514,0.18025219016480412
0.051116516615719094,0.1762177136581369
0.051522217848881745,0.17614981949396544
0.047244251687653525,0.16998287017190752
0.04426792139189601,0.16549465304932218
0.057621420551779864,0.18502399558412694
0.05545866389277343,0.18144369261491242
0.048253331050858946,0.17194052745526325
0.040437675455639734,0.15952655792418644
0.040916642967859185,0.1604535248746555
0.04031245662556193,0.15915551437795752
0.04048690326025492,0.15927014564424255
0.04094320222143622,0.1598582577576271
0.04169672889158986,0.16095992770546855
0.042792328006819834,0.16266158041651216
0.04184167447104887,0.1620667811937513
0.04332705182397473,0.1645336335123503
0.0455108540218634,0.16805944081688992
0.04859242525819405,0.17294708052747507
0.044307938558375996,0.165100474014807
0.06393153107032001,0.19357186475212304
0.056194077406559476,0.18356223729145468
0.06426368708940242,0.19294840382079795
0.06332111945532348,0.19183252827496547
0.05068053494461239,0.17561153304261132
0.06061060649261474,0.18869293032087872
0.050039055484882536,0.1745982547204766
0.047957880604259304,0.1712076326481717
0.046363598666034955,0.1684773275138711
0.05806619837736588,0.186564352334429
0.05246268297182645,0.1783090065948991
0.058739540508473714,0.1862075598468014
0.04154714886137085,0.1609378252920903
0.043842248631118665,0.16438456095747453
0.04658914148714779,0.1684752662873842
0.039737324182973176,0.15820578110582342
0.038473446502059326,0.15630375310710773
0.03783609587008394,0.15537831676782857
0.03793475715967397,0.1556171002228293
0.038905491988315596,0.15724154457369324
0.0497688341398942,0.17316695391267548
0.05336152503361345,0.17842882455123746
0.05744279219231399,0.18437179788548527
0.062209883406283494,0.19128675489901367
0.04090886116173789,0.16049866228141643
0.07324073795793833,0.2063076242406827
0.07061391090258681,0.20170640086268607
0.056256722882110685,0.18392196876558206
0.05490873475336678,0.18222354072289973
0.05722212161151938,0.1844612748450998
0.05448712397776379,0.18178420789533276
0.05322550870911448,0.17919097002354836
0.04917140060278071,0.17313021784572405
0.04411565621489535,0.16563775656156757
0.06550225992403555,0.19689792160057926
0.062389513743421436,0.19176041961811804
0.05283992260818257,0.179557413174624
0.03997047565420678,0.1587480689727004
0.040489742021370734,0.15981854054523179
0.0415016669073411,0.16166825649399555
0.03986092795434106,0.15834215248732356
0.04011565567416007,0.15854649521741274
0.04073040084763221,0.15937133033168774
0.041737796769577194,0.16088539702142515
0.043200539351471,0.1632064586180453
0.043130332792577025,0.1644745919003969
0.045539171433740554,0.168472144465971
0.048886812351370525,0.1738970206489416
0.0534169713896825,0.18112418047598225
0.04522157507056856,0.16651557591684166
0.0809988177387928,0.21636267480112517
0.060672614665132955,0.19086713168202032
0.07193020296687677,0.20313314891518805
0.06853873712795852,0.19932138512622652
0.05378489194350698,0.18078609015149363
0.0649368655988915,0.19526341112630194
0.05289414434348702,0.17935853372447444
0.048778076874515616,0.17300064888441888
0.04800110716334663,0.17113585379987176
0.06538666112564388,0.1983250755832607
0.05810940640626777,0.18764815236864205
0.06744217182460097,0.19881934268937682
0.039432610624377286,0.15777721869604242
0.042062852357587464,0.16180178400583964
0.04529672745333825,0.1667052450468304
0.049136315121332784,0.17245678056965583
0.03744050578046586,0.15471800130469307
0.036140071119612815,0.152739941270064
0.03562652216654828,0.1520195611449809
0.036025520427718595,0.15277549936710275
0.03748881504014415,0.1552574839077914
0.05359132066129914,0.17904054875889566
0.05861374649384514,0.18637193335711685
0.064371156398085,0.19467460532307948
0.07084608533072811,0.20398825637138643
0.040190684987839446,0.15973624674394163
0.08468762932957341,0.22174258851941694
0.07079590545591391,0.2060318121577974
0.07963737191996763,0.21349921257370744
0.060311278135736744,0.1907341532018342
0.05927306994532583,0.18949795735493694
0.060443981817005256,0.18979429734408929
0.058629469142755276,0.18880040382456895
0.055428952970842514,0.18325457850949353
0.051785038242579635,0.17746700720417272
0.04432202039274346,0.1664916435782902
0.07608346449711104,0.21259879307640303
0.07302260868252661,0.20704984783181854
0.0596432867955544,0.1906997634621906
0.03928814452993911,0.1575538913342057
0.039805870431148804,0.158697701571988
0.040897526433122555,0.16077584555300964
0.04267778827472275,0.16395307450165034
0.039259992067234344,0.15722909063492088
0.03969098734099276,0.15769070085779788
0.040586309349651774,0.15896504048134422
0.04198842466439824,0.16113957628166817
0.04398083367221379,0.16436893498358682
0.04530696966183846,0.16846093848556873
0.048988956244900364,0.1745829298571878
0.05395628908612364,0.1826619449327255
0.060687321447157855,0.19337319561867436
0.04670732988135987,0.16890309237092707
0.0826265299111861,0.2202050194177653
0.09501796311665249,0.2327609092219797
0.06598323952755757,0.19981440856654956
0.07875923582266635,0.21287589194327114
0.07470560132858083,0.2084760741992359
0.05785353782092258,0.18767189300235562
0.0701644784903391,0.2034888815094423
0.056802400676445375,0.1859630274999959
0.050158065017962904,0.175919658312943
0.050424011568605084,0.1751567689692903
0.07900109271376628,0.21853456073281077
0.06725729745586588,0.202244569069729
0.07837442724996489,0.21461001623708906
0.03676628146657802,0.1537032422140517
0.039590581129534015,0.15810255297925416
0.04320046176496918,0.16368188509828704
0.04760912409767887,0.1704095769767283
0.05287364301388772,0.1783123925013804
0.03473267690997163,0.1505382485401404
0.033556670620473676,0.14875153089881357
0.03335776354377213,0.14856392815292555
0.034270322716208425,0.15021313458935573
0.03645478151503199,0.1539648060838654
0.059047333662252885,0.18740253539082832
0.0659162670208749,0.19734394403813524
0.07402536996168843,0.20881179086005322
0.08327221586950759,0.22158638309084447
0.0400937050891935,0.16010087271750165
0.10001964068070336,0.2420067244486573
0.07927910267419204,0.2195040465506524
0.09310514034234275,0.23042833079240618
0.06636528814918517,0.20077199432996065
0.06541641102643227,0.19971389351594557
0.06452366604496276,0.19681894231085215
0.0645059947267679,0.19881007278546906
0.058501622804175896,0.1890838361128259
0.0555448567009502,0.18378707764597627
0.04536293660187056,0.16888723392147845
0.09133061756948169,0.23438303975900351
0.08435198234442531,0.22372913475678416
0.06924163823336076,0.2064626945259926
0.03862095845889933,0.15632597314814303
0.039044224923980644,0.1573788706338353
0.04014232926930697,0.1595628415960856
0.04204615787683037,0.16306774861560983
0.04491345925772998,0.16812828822909945
0.038806929472262955,0.15631031784924712
0.03957406758631933,0.15730251209799542
0.04092059814958482,0.15932212504603646
0.04290037512288079,0.1624782388633426
0.04560700271808029,0.16695078825722928
0.04894587281760329,0.17504034236564683
0.054402775551598906,0.18415423345433932
0.061551266175856496,0.19601745313728988
0.07130514122887341,0.21170404168052406
0.04921147296668993,0.17304292977658123
0.11211359592589819,0.257096683520173
0.10954954621860111,0.2507324517984788
0.07587893682067426,0.2155218855597261
0.08765233220765967,0.2252805119122603
0.082129105667895,0.21956153408151605
0.06362242891542338,0.19750485482298843
0.07706061969186066,0.21441337387712725
0.06239583381825286,0.1955112523326332
0.052540495860169,0.18079675946818805
0.05407255841631126,0.18133117661603035
0.09888776667164509,0.24673586150565877
0.0824296307185558,0.22520739601524056
0.09106397667625449,0.23308007979571568
0.033923973448825966,0.14931207850175962
0.03675539246131302,0.15378850096337823
0.04052259741822812,0.15972188995179218
0.04531133096740081,0.16717974989741693
0.05120574746851821,0.1762095475364994
0.058387043842435295,0.1869634557576131
0.03204701489530242,0.14637256842509058
0.03122881327103518,0.1451781950331181
0.03160362083745278,0.145979150074908
0.033295728427122216,0.14900148216484507
0.036468990729921096,0.15451373766238555
0.06707129068252196,0.19957892972919863
0.07695934895316851,0.21347734542128252
0.08937903270146226,0.23035883854230213
0.1061328521070868,0.2515805889824335
0.04128899636121508,0.16276234358762978
0.12119064548204758,0.2685047768112846
0.09942513407787429,0.24801263996426734
0.08952897689622584,0.23623035187072425
0.1055269980248824,0.24683642006966458
0.07490263915273451,0.21491519121241928
0.0734110725267324,0.21317631152594893
0.06993716177880492,0.2064284705328813
0.07265951800015794,0.21288298531895453
0.06283254682898232,0.197504778033148
0.06092680387370063,0.19294858756766833
0.04786390839576106,0.17392783688489835
0.11476668091302887,0.2672464736033089
0.10424918379238331,0.2506575806402239
0.0843524157283641,0.23093467798897618
0.03843818814034941,0.1558455418308328
0.03858013140389731,0.1564915448129496
0.0395552093867334,0.15854999324132704
0.041472735096634086,0.16219644419991044
0.0445383379577204,0.16773818525280002
0.04896570727817449,0.17550243822605824
0.039061170714356316,0.15651012495998504
0.04038652143791384,0.15840765859287645
0.042385944511696555,0.16152382986839428
0.04513487451195648,0.16600654366989712
0.04871791649945456,0.1720393757340147
0.05502468723701301,0.18589782861367002
0.06306839194866772,0.19930344399847258
0.07354582529834353,0.21666306141749994
0.08689274743962859,0.23819495726647558
0.05327614362305859,0.17990659919189847
0.11910223960891528,0.2686627982873444
0.1372628274283276,0.2829933394534503
0.1314006104321024,0.27599110072151356
0.08746008274033393,0.2343898590271166
0.0996129234732208,0.24158614146907184
0.09190161129095784,0.23420453798935884
0.0717752361541272,0.2115121753024348
0.08623429251321367,0.22914722661962725
0.06996841137641294,0.20868473049042788
0.056499888732094265,0.1886932833354876
0.05931422158778939,0.1904001463677825
0.13176954444528674,0.28645426868011603
0.09517487438147275,0.247106051869076
0.1226855787728521,0.27126628404392383
0.031547393829783985,0.1456724408781492
0.0341463301388678,0.14981735039884067
0.03781765798528128,0.15569198753158206
0.042627312326773886,0.16333900658074754
0.04882061755641375,0.17304552572039092
0.05654528766543967,0.18490316265306908
0.06615033769931172,0.19918673708441234
0.0301087372561882,0.1434468968045818
0.029952661961351254,0.14338451376618025
0.03121403695891161,0.14573957464795326
0.0339872227275739,0.15069230183122537
0.038417713824773395,0.1584723774420099
0.07796024335185342,0.21594260797359713
0.09079927619522109,0.23332876180775516
0.10785146974815674,0.25500086821726387
0.1298105340001579,0.2818493177847533
0.04460024520595131,0.16918614740310053
0.14596008170410654,0.2974751407239631
0.11543991788904875,0.2700891640856605
0.10639879787461018,0.2621436583276786
0.1224187158705338,0.26855100995067294
0.08600316133052328,0.23379909905632754
0.08486626060497442,0.23207821524763453
0.0769255639583603,0.21951375620220445
0.08449251868238844,0.23335168085501898
0.06902722595847248,0.20966578996528504
0.06819747951799862,0.20554955313251008
0.052534993908029654,0.18286790226265945
0.14167709464684786,0.3010339532996956
0.11470700766926678,0.27729001784768514
0.13630523154390295,0.2874947921276787
0.10268470368390316,0.2603426684558954
0.03954535531722679,0.15743693111809345
0.039075125772937876,0.1571419188553516
0.03965378760469255,0.15862042123189316
0.04138693239326738,0.1620531003024254
0.04442893468166256,0.1677137245829258
0.04907327587381852,0.17603843684431456
0.055571395511534345,0.18744824832625342
0.04090652283915211,0.15927427980508427
0.043047532992598045,0.16250894811175468
0.04589076033897298,0.16706506420213016
0.049558143202188557,0.17317270112057073
0.05407932956610008,0.18096334597910993
0.06421725940334795,0.2024363189753318
0.07520539210562067,0.22085574265526128
0.08935356616765598,0.24449594195611876
0.10892026162086452,0.2736435187683305
0.059493067405209904,0.19059739180636384
0.1590838329616776,0.31389151369615853
0.15953612132623338,0.3071663522895097
0.15314810169744528,0.3029734359499856
0.1028514805604723,0.25982629984909444
0.11688420082868617,0.26466136144118824
0.10492767022369454,0.2538183213034735
0.08273855460949231,0.23067569706079946
0.10002182829932019,0.25062250795170904
0.07880615735170718,0.22486972640170158
0.0629264805341059,0.2011979589418714
0.06651102345638768,0.20315518980805733
0.14613437644955185,0.31320485518238883
0.16793777239401425,0.32382529428092366
0.12175720415979499,0.2853000660259103
0.1503996737693343,0.3064355175974751
0.03062169237961653,0.14447433147686464
0.032648842564156816,0.1476904893216577
0.03594210001821766,0.1530077342917354
0.04044420835450403,0.1602867714796791
0.04638231311728734,0.1698164616165366
0.05423836064343529,0.18220267405697724
0.06425990387236602,0.1975756679607081
0.07699056196742823,0.21618424298110675
0.029978584920585298,0.1436028315249185
0.030835688804761917,0.14531412664153195
0.033303313893560456,0.14981974973761483
0.03742158319356678,0.1572209674338679
0.04328181179091706,0.16763974897856157
0.09361476976507126,0.2387183258036237
0.1096814883752969,0.2594381241688234
0.13441989383583464,0.28902340031820595
0.16721379414933307,0.325681246566219
0.050799932776962695,0.18081995494428785
0.1890034716090396,0.3491939734987931
0.15835511126241747,0.31552316235861266
0.13131876837611256,0.2963601557313872
0.12773593117272072,0.2960238552269673
0.14827366101224887,0.30026275769619104
0.10271154048076053,0.26158162320033085
0.10103285783736388,0.25762799951147997
0.086706663734958,0.2375102704821874
0.10072409701978366,0.26237944320750284
0.07708770500196921,0.2251237625404768
0.07811209108075542,0.22286633453643476
0.05983920386522078,0.1967014810421471
0.18190831767400026,0.34740323426611086
0.1517585616786566,0.3236441849439108
0.1765723054012625,0.33439798725723335
0.13350676877666734,0.3032672119970167
0.043124051753181215,0.1630165664534626
0.04160999434224403,0.1611001906634906
0.041301374086688075,0.1612260508211105
0.042462840322186154,0.16380596341364564
0.045207254421474746,0.16907578869072945
0.049786538566054805,0.17750414987276128
0.05659441452198179,0.18966897176512817
0.06586123690009762,0.2060147757218355
0.04557329079253303,0.16658488852821826
0.04875550424671762,0.17154329199116616
0.052506140127350304,0.17771329222403334
0.05710092095230969,0.18556592368973454
0.062338816889457443,0.19494245019077364
0.07818727668922788,0.22788154926889156
0.09269452331139358,0.2524625329592798
0.11338755818533436,0.2851442705435643
0.14429358662503566,0.3292683192457415
0.06806804190878114,0.20573283133655698
0.207966006009011,0.3632672020633174
0.16903546601838143,0.32927623698426545
0.19317769303627713,0.3419303821858596
0.19648177028441255,0.3438602047806747
0.12738578213643528,0.2972953058813379
0.14086494674937128,0.2958132413746193
0.1215905041982576,0.2791400376240062
0.09380432421673938,0.2516973692637944
0.12185702884977781,0.28178197395097326
0.08874137765004958,0.244828004448265
0.07121269190716312,0.2179309922905143
0.07549776931009002,0.21954578798452232
0.210744931034877,0.37152522511755093
0.20330242477682664,0.3607370216143806
0.15960199014135884,0.3313910968301085
0.18885787248941585,0.3516007229625173
0.03249790374411281,0.14807624183549492
0.03353484123580357,0.14960949639285406
0.03602658400290691,0.15361782994705178
0.03988752936862215,0.15991296685416437
0.04516017942316331,0.16853392827582228
0.052160773001757886,0.17991542721960238
0.06191747039440561,0.19542588301656025
0.0745834568001292,0.21478246095491935
0.0920587955641044,0.2393263440553243
0.033028418386271206,0.14925685416063397
0.03521535416046522,0.15334325220813114
0.03913609418470185,0.16047248074432516
0.044748061340576954,0.17065547419123753
0.051913659536920884,0.1836346974306096
0.1156220039498834,0.26906794054800454
0.13705999744133507,0.2950078353762656
0.1794394850276385,0.34105724343465926
0.23134305962124974,0.3867182995649099
0.060157788504633464,0.19842612761762793
0.2323384412545251,0.38335861900589563
0.20722549012178934,0.3664668734846488
0.1640263679295461,0.339386200411384
0.16221991099414315,0.34630144264543217
0.1796205530915569,0.33670518954830253
0.12836444927045895,0.3030019270230968
0.12470196536565667,0.2914193319161781
0.1010828194387788,0.2632699224015762
0.1189244380282695,0.29985179447394716
0.09113175590366576,0.25164333451399623
0.08512087091927001,0.23715956481316022
0.06969779958346496,0.21638277736791103
0.22657044792758213,0.3864634083626396
0.197387987152155,0.3757663057045546
0.20005548322806876,0.36680185895356876
0.1808494086499805,0.36404809103089864
0.050738678906028636,0.1750588943770923
0.047709285574189186,0.17080922497991033
0.0458826640435934,0.16862351309111215
0.04574726459287991,0.16923302071657367
0.047570253942942176,0.1730916997514025
0.05160942373572529,0.1807115401353919
0.058174105987023515,0.1928016131655418
0.0676584165242198,0.20982603087068877
0.08060732240368114,0.2332459623385307
0.05456483137409962,0.1808101695678205
0.058894671531310235,0.18770919002088607
0.06321439512981526,0.19512580785731418
0.06807378600705175,0.20393014280706198
0.07240714535330059,0.2127407559553258
0.09838586894850541,0.26590955416369877
0.11960656988341774,0.2956311093292806
0.15635198899858901,0.3536764674026037
0.20040508776510416,0.40266710428426744
0.07540538142233984,0.22008424390518813
0.25908741555016085,0.40611676544359143
0.24100055108933757,0.38917646522987126
0.2426846404604769,0.3794126297150484
0.2541943260647682,0.39214745120612104
0.15946293800490685,0.3418281630309794
0.1702551799686368,0.33198890158191696
0.12886190704539088,0.3016127533504088
0.11251289244912253,0.28320226350136746
0.1564933668568859,0.32703254412934457
0.09563502923425887,0.26542846495941463
0.07866663784727468,0.23542322530181634
0.08216585733073606,0.23261865986138
0.2379172019095016,0.40842780358662367
0.26814846084340793,0.40981554976256596
0.21792803150077283,0.3908464104455853
0.2544346025172415,0.40797190876623546
0.03876627206944349,0.15925296602223235
0.03839767541701563,0.15834550109694898
0.03959897058003022,0.16017264160858294
0.04225696692276894,0.16450684072988672
0.046574777970670306,0.17161223920175298
0.0521759620887352,0.18094952787162852
0.060054461670734804,0.1940391568085417
0.0718091864797022,0.21309367287916262
0.08835979095644289,0.237859370867011
0.11439927668408864,0.27124267549908987
0.040795877983065235,0.16309111959436698
0.04449495157948476,0.16990705668733477
0.04982043313810365,0.17952962873930614
0.056578085204480946,0.19187891984568176
0.06394482976728214,0.2056813451567239
0.14852298310501963,0.3116466167993762
0.19208924324261095,0.35486501162886896
0.2461010846740786,0.4023636705739815
0.3050557568288953,0.442201842774292
0.07021625346170274,0.21778452220138902
0.2891659830628874,0.42780279124444687
0.26264326472700705,0.4101020451996985
0.222200993539877,0.39794788166160977
0.20628537793642004,0.39506889450076776
0.2184647549465813,0.4250510406125887
0.22928179523808667,0.38274905028205375
0.16368823015078174,0.34897216362251804
0.10770397469990879,0.2887590783759697
0.13930181879116246,0.33820550355002676
0.09219750788184274,0.2521665854485168
0.12127349634610181,0.29088818116246606
0.0855528749982063,0.2408142740055004
0.07725051639866332,0.2312021383988442
0.28973526213602485,0.4385087311948719
0.2472739696699236,0.4208846425919589
0.28819393130374915,0.4249806972041108
0.2387788301117475,0.41936810299384564
0.06420174726493214,0.19628213161581212
0.05916657927542212,0.18905078193934263
0.05521844065037958,0.18371299112623732
0.05305161032087444,0.18125665477157257
0.05267332938942891,0.18178160268526902
0.055203436870319575,0.1869866887317516
0.06064470299493084,0.19724352846927143
0.07018670362227286,0.21518925166391514
0.08260601646682982,0.2378408490777373
0.1019636855373938,0.2739333808087093
0.06965659651895051,0.20453839058660714
0.07513738631223824,0.2133918146553702
0.07890386127926086,0.2206184436288878
0.08315274057164522,0.22925584556775655
0.08387269691416824,0.23384313354592887
0.12917646392263868,0.31912745181282354
0.1705588850607005,0.3664396751881477
0.2187088649735853,0.406955269373806
0.3125412293276046,0.4840465282540024
0.08001737904353226,0.23067515667684432
0.31061358747396384,0.44337379998312887
0.2673956164632174,0.42603538789902595
0.3120510193074273,0.4311712463435372
0.3248446016169815,0.43689302447512157
0.3620419247476627,0.458282627672043
0.2144813202666832,0.4143890495037591
0.21725021976571848,0.38291479504505166
0.1521839262680834,0.3237219068923334
0.21014218820308467,0.37361679870289677
0.08908851069925368,0.25635149644513744
0.11445109678975404,0.30162050235780036
0.08242893507045868,0.24398984186101805
0.08077347512411531,0.23513324081080658
0.3339984036300526,0.4603899941309131
0.3275256566978628,0.4486104797869308
0.28099814168858406,0.4422265257559501
0.3369207848103374,0.45404422116405163
0.051101750414800036,0.18089180385429884
0.04903514191326791,0.17697882786756955
0.04842198993840953,0.17573588360453415
0.04921725852556887,0.17698329821758393
0.05204297752464818,0.18163539774443574
0.055897796455102775,0.18811930841061955
0.061346685379700866,0.19750803675417136
0.06935693794599551,0.21146932409507127
0.08378777079223819,0.2349255797266013
0.10784541652912849,0.2680409386155087
0.145310076290266,0.31133379431140606
0.05478052622899272,0.18773284833749823
0.05986616099474343,0.19719754706697437
0.06581029279565812,0.2082131111046718
0.07290857078024074,0.22202972809993524
0.07959963135186068,0.2337924792585865
0.19533407922485385,0.3653779099328013
0.28832593020224234,0.4613816852632632
0.3654970696328265,0.5126326458757444
0.44702485901899697,0.4963099703531084
0.3574809642429805,0.47231669202581605
0.3370010585850714,0.45107389897757233
0.2765913567445897,0.4473499416573171
0.28266259702178986,0.46472232445298356
0.3255872826355612,0.5254931253017266
0.31198109113580524,0.4445213592685521
0.20334051813307258,0.4168851200873507
0.13790018800246834,0.34206872639692043
0.18997127154489882,0.4194781398776688
0.09890956101843407,0.26601404764119874
0.08539317282470157,0.24279733455627714
0.12778850904509287,0.3034024233564725
0.0798849743903392,0.23301328881628017
0.08763379595199619,0.24605420714566426
0.35336510982381336,0.4752929733428728
0.33215499913454405,0.47398829619527005
0.3248801950612217,0.462958014704948
0.358089445333999,0.4938208597311162
0.0855879860927399,0.22912611530110635
0.07814088469656315,0.21869336370312928
0.07150640870066222,0.2097074145476618
0.06646186439943598,0.20316280228983372
0.06256174378455986,0.19851050114182991
0.06178785753515699,0.1985949057333289
0.06502722236286906,0.2051746869583456
0.07292489172339921,0.21993404560860083
0.0847133364825369,0.24252430986192228
0.10285721989537422,0.2777458518979876
0.12827673791233662,0.32060887435172747
0.09306732505097495,0.2400661176022382
0.09881230531983246,0.24948119086092155
0.09910384180037367,0.25282742100919653
0.10439133915361415,0.2628841279117533
0.09443643818005223,0.25545904214526916
0.18946447234307268,0.3873541124612295
0.3357169787310315,0.49358808909114327
0.5153010220281201,0.5097178246676076
0.40412029235161,0.537051934994421
0.41159334567078343,0.4855590924523522
0.3303775591265906,0.47108223659329196
0.4049667085274037,0.4693766511179891
0.45364279776137334,0.48375877981913906
0.5653377030238316,0.5011750831613548
0.3188778350938337,0.497695631537001
0.32621433331693117,0.4509779957011444
0.19072592167749386,0.37280863228911765
0.3187592955967807,0.46056778349674
0.0891622638756052,0.2567222934781096
0.0920573962303378,0.2589122112031026
0.40719283166332115,0.48850044837283424
0.4266469373481116,0.49155481532162715
0.40108434047659375,0.49152837990751297
0.4498772695470047,0.5061791704475088
0.067137403953405,0.20883395642829003
0.0712904464750258,0.21673199387374717
0.06424121508514581,0.20355842139677685
0.06269646642786883,0.20084689477515785
0.06350785560722522,0.2020601338039655
0.06463466017737703,0.20409443579774525
0.06712884413415188,0.20834400170435688
0.07107733473781341,0.21582597472834505
0.07576192005274197,0.225277773882169
0.09691453818719215,0.26011008074880326
0.12935521789887486,0.2996510640684025
0.17535819632969304,0.35155342643078846
0.07651435124884273,0.2266881794759583
0.08210245154085934,0.23777757234618682
0.08660994087024954,0.2464588116320611
0.0939851094614971,0.26017318189305394
0.22459934114349756,0.4399874714234788
0.45197394867481866,0.5182189907779461
0.5028667656816216,0.5693270800690869
0.7150846079476589,0.5126138011716739
0.4290993984926872,0.5087322824824394
0.38953190342321437,0.5051833313802385
0.44168431233270566,0.48307067223654565
0.3627829408716269,0.5105080989976379
0.40677491455733134,0.5256405774463673
0.5630458696196657,0.5735864464224837
0.44134836143749445,0.5084579983486086
0.3308468033424037,0.549925640455053
0.09422509286460276,0.2579903351494871
0.10395681814691177,0.2744179843057317
0.4064551969454776,0.4977779431385917
0.3981792215723846,0.5015642961394948
0.4381755964203474,0.5205857791096348
0.5691988385158829,0.5313084422783237
0.10615281814867707,0.26008037684305885
0.1184151410524644,0.2754589075756566
0.09666203405454342,0.24786768443453996
0.0880723218430406,0.23762698367315174
0.07905603401242764,0.22655567055533374
0.07306955482448314,0.21840331301065316
0.0716788111035659,0.21776129599337882
0.07726092428861325,0.2282420445638315
0.08522119697492508,0.24154584508537982
0.09648037355287654,0.2686492087641881
0.12169626319618342,0.3148355008663669
0.168363344862324,0.39272321113350284
0.12688948885127105,0.2869067256320018
0.1317141508733422,0.294981882739781
0.12419958087483018,0.29188221790692537
0.1129592756965569,0.28306116329497766
0.2940227255215223,0.45406963649483145
0.9917931750787756,0.521723424845644
0.7218999615080337,0.5660376142034568
0.6682636922435695,0.5456900913868182
0.4629173799090879,0.49982565656985345
0.49380437283015666,0.49931976717210114
0.42242860210409866,0.5122667719578126
0.5518249050758002,0.5020263653119974
0.7429312782380424,0.4962296222190845
1.1896012519310415,0.5165899479812636
0.601029652333114,0.5166213123324107
0.10141178755753141,0.27970927652150424
0.10697238496388392,0.2881895966925737
0.433278793752485,0.498922406973332
0.4754557491100237,0.5020170896695917
0.5858432800276051,0.5177236064627981
0.6399288568164235,0.5601188396042961
0.08907794405438307,0.24799907318177292
0.09517980686703811,0.259599710624717
0.10134915438594856,0.2714967090342971
0.08444707922853548,0.2396140721268056
0.08382401172457862,0.23832188780114036
0.08075190811233166,0.23295354948260497
0.07715575842629993,0.22723344050024605
0.07989001677735191,0.23161756816016602
0.07821602313926498,0.2334997164170469
0.08251680193650549,0.24414136837238112
0.11093207390956647,0.282792475264075
0.08588007139437151,0.24337452416518016
0.16904967297094248,0.35438384935279676
0.10736946325261781,0.2830409194213598
0.1136062674562274,0.29494043960844607
0.11904284630405997,0.29891068611950045
1.4640553485772392,0.5219100944308032
0.9451649402531164,0.5216313008515095
0.41905386432777864,0.49461072648826887
0.4515909388594358,0.5218112317263915
0.49348073523543207,0.5222483212077312
0.5407669920588088,0.574801147650216
0.6987610460531668,0.5577174523833012
0.11649658197273022,0.29239437632663345
0.14154857657648826,0.3238479856030735
0.4171235431987791,0.49815242469613985
0.42683845894533445,0.5111946049333393
0.48455626956076825,0.515005651257455
0.553538373396429,0.5289642032860097
0.918742194714439,0.5191666240097793
0.132909853481803,0.2978077876305517
0.14982146168246585,0.3179382527728759
0.16531374598887422,0.33522998795139924
0.11822826246443846,0.2825727506877931
0.10433284779974031,0.2665253663691445
0.09140089969731635,0.25139578876869184
0.08465714593905917,0.2402557414639699
0.07721669218864613,0.232584307272127
0.0827549511386323,0.23663420438319435
0.07866478672059829,0.23120744375305044
0.1697634662983804,0.34238135827628946
0.16524462813770885,0.3421032937343508
0.12712959676944557,0.31791952226515363
0.9378454858439724,0.5448773316627444
0.43390429413550624,0.4959695133021589
0.5523186237801986,0.5076836391607008
0.6478087391301732,0.5117284822104834
0.8910386882027208,0.5128292313696682
0.8716111062028657,0.5351324515818685
0.12821303940327886,0.3244003262094597
0.4244915897131597,0.4887656014869515
0.48337248874760164,0.5008568553491813
0.4770038432051849,0.5205241625640111
0.6448804973162727,0.5243325376987602
0.12783707588685161,0.3129550182098405
0.12054474444886668,0.3017017429901728
0.13577289254329145,0.32509974621320503
0.14209995205191892,0.3361940436298724
0.11543862273370797,0.2903259318422349
0.1062613787911438,0.2784905788366817
0.09552687766239709,0.2617835220677842
0.09079464154036332,0.2549550404384605
0.08411968409307935,0.2393930566725603
0.08106187128233502,0.24262546418924377
0.14442264977022853,0.3446731565685006
0.14680160531970365,0.34700786496982383
0.17895839788208004,0.3672636095607179
1.8864027685659326,0.5249984217507639
0.388720609585323,0.48453757468914094
0.4352293425064434,0.5028927364807876
0.5402539943818954,0.5474893604860388
0.627223579991967,0.5476323104414972
1.6305391525195176,0.5231012592809596
0.1476849592902449,0.33493825017502143
0.380034720929301,0.47700395177666255
0.41623813012680655,0.5008310764535724
0.5771628795214554,0.5106527292265274
0.5960435852794629,0.5367733419480017
0.19166770439664416,0.36734587856928536
0.16856219399857916,0.3453789767000043
0.20963206608449111,0.3836136879991985
0.22340109552335352,0.3956053815575954
0.13792059027712844,0.3175831022877327
0.11848664919320738,0.2968872141589739
0.10613296202741634,0.2784770431345095
0.09133654710083383,0.25605982946909545
0.0831807140118243,0.24689946484648642
0.08133091497427691,0.2368416078945785
0.23281703311159044,0.40525415475998117
0.21800291589402543,0.39675431521045534
0.1660782548152573,0.3659293334995558
0.9031160265370423,0.5468276611834202
0.37867604387919984,0.4765088890669851
0.47320570991994815,0.49834175645851075
0.6611761426476519,0.5160653704484598
0.7019884416001065,0.5358539431544005
1.1675125767670909,0.5343780556258703
0.17507189109194973,0.39199864994895894
0.3889946615820584,0.4799792021792315
0.4809795119982765,0.49756217692374527
0.46465813072688555,0.5217285310567144
0.896375070658499,0.5138832912968232
0.179168565114561,0.3852663958529521
0.16881429896151628,0.3689394351728158
0.16564162507849123,0.3642143703617742
0.186732954563982,0.39084047034923675
0.19651444380574662,0.4116334766274862
0.15561028385526726,0.34181713485221454
0.12246812746946958,0.3094547722850446
0.11485556825625325,0.2970865142681205
0.09739198619106357,0.2649946065934129
0.20572950192653297,0.4231603518940392
0.20877014607267844,0.4073659382075482
1.3657705988279687,0.5186262351882958
0.3138375315561358,0.4417383633179497
0.36894886075966715,0.488353088378246
0.5185951047689772,0.5105004073111206
0.6490606029139401,0.5175312119375515
1.0573914917221585,0.5170195785039927
2.289954706067697,0.5269335908439057
0.24676195344176333,0.4371038257766634
0.35889879986830064,0.4775206850494267
0.3861789998372724,0.48418752294128387
0.5704061079399546,0.5110004102254864
0.565615058002047,0.5607986497878593
0.27005701059125053,0.4355987555292311
0.2497961128764849,0.4192489294355919
0.2234193593219775,0.4060018977738816
0.28073224534732333,0.43844646353543204
0.30383918728659953,0.4590570305690298
0.14597955631879295,0.349897833618945
0.15338739673394647,0.3359713217778225
0.12246361383821933,0.3054630237413861
0.3004812736077478,0.4554389620571099
0.2165881728030644,0.4389026169028857
0.6888410454670264,0.5520801865736777
0.27346880835759224,0.42022142396328843
0.45357191578289313,0.4850088309804015
0.4287620966420959,0.5176791436400687
0.6882664010307441,0.5458577603402599
1.068492779122969,0.5373958380743303
0.3431787841145003,0.45558913799358247
0.41169289749617977,0.48156047761994536
0.42793122365829533,0.5050198187451236
0.7174568245884076,0.5052479259461651
0.2426601080841143,0.4510664440936829
0.23560534776425202,0.44488914054694406
0.21917070158688437,0.43901706273784447
0.20697209695953594,0.4247894808396704
0.2606616567515319,0.4551343906207411
0.26908919979581236,0.48139876762964806
0.20562429501340584,0.3906883236813371
0.14706895940471443,0.3499625763866151
0.2617978757646722,0.4837210891920787
0.30762132018069965,0.47424945544054176
0.5786764498418481,0.5442459846914207
0.23024504018316433,0.3746956461502835
0.32258572238177485,0.4393229995145418
0.3196031334356155,0.46811602424397525
0.6327991563874004,0.5093194506769018
0.996584625775701,0.5150256048612938
1.0284035407580547,0.5235765379607413
0.28400229411869515,0.4262234880695398
0.3251401727760466,0.4759524804182541
0.344094265269665,0.48678798661991673
0.430403606005992,0.5516979933239288
0.339651153130797,0.4799561162659587
0.34734892755390867,0.4883058587133521
0.3290318917201137,0.4793011803871635
0.3057226934285754,0.46547088528167824
0.3297682920584685,0.48942074997992213
0.4166607018174453,0.5072866842307965
0.18835757952690824,0.4063106220628603
0.1716228496519011,0.36356672592757056
0.4075935497801295,0.507970359413879
0.3435434132313629,0.5089039052329843
0.9268100822760629,0.5130425560963832
0.4626542859238938,0.5142629755688295
0.19753485198694565,0.3575746220539614
0.27235090135291484,0.42041809495503524
0.42790281075799275,0.4809170250188307
0.6174476630851014,0.561227512173402
0.41364540620659873,0.533567758150803
1.5561724964263057,0.5225879839420009
0.7631134213924529,0.5412073590187393
0.2495778024860942,0.39493042969767256
0.3760031711662178,0.4610860699609389
0.46626855962795544,0.48984525372866394
0.4172576933509756,0.48365346945657006
0.3646212803233737,0.5190186832440132
0.3918740400745854,0.5131348240050166
0.3208208297725195,0.5126471353847776
0.31192206587850996,0.5114721537632577
0.2895944969235199,0.4989575238288334
0.42282352542072704,0.5243330657760664
0.4249917023186364,0.5267843253129149
0.3767034131675785,0.54359720208337
0.2660168067388028,0.4500260367410056
0.3733175917139688,0.5368523287792955
0.47345017598614325,0.5787013709840062
0.4345438976325914,0.498330216456244
0.15740597728093156,0.3087187588385716
0.215868343260401,0.3721062540909327
0.2912906120285512,0.45164618230127085
0.6702901551402815,0.5156973719900593
0.426027189247157,0.48807885444867416
0.8652737634698165,0.5506881811106671
0.809118991226067,0.5231311912376473
0.21783512990068704,0.366605084920833
0.2747659398218763,0.4094807549666487
0.269815452298415,0.434036753043617
0.29604964821479013,0.4778286135096995
0.29103903561157013,0.4406891752655371
0.5122932207633254,0.5336933319654303
0.41109898330749045,0.534877588238938
0.48254415810802903,0.5187094888280084
0.47374323309078403,0.5178184468750262
0.4141092833724399,0.5129997782456238
0.4887424637572725,0.5487106436650205
0.4934450944673446,0.5418139076606753
0.5710780874093542,0.5285106991853333
0.5305795885120574,0.5309355506253799
0.4312596308915129,0.48641460958593896
0.3280302620893775,0.4716656742002293
0.12313497021217512,0.2733653167318978
0.1763408748554232,0.3370233798063562
0.27467698335928914,0.42131747037244494
0.453710249062274,0.5207536132381622
0.30329567082715836,0.45237848871595376
1.0766316060843313,0.5170621121848008
0.5816725797812563,0.533726393597618
0.19926349113377226,0.34524164012963643
0.24228466437729307,0.3830417203453427
0.3413175259059493,0.43949985294584026
0.29200236506509497,0.4211605691704816
0.2918181891660259,0.4257790154389445
0.5247735545455378,0.5522816764217829
0.5480415278184052,0.5422719896246984
0.43827164420656245,0.557854927196773
0.4378178076093406,0.5567900025225141
0.6280142075698829,0.5334362929226992
0.6156093271985812,0.549470202119547
0.5269990474264206,0.5656499643041852
0.2835782791475077,0.5083227721781348
0.22482696749400333,0.4166164171151534
0.09654544065103192,0.2356528308833956
0.1479764993957322,0.2947693559061856
0.20765367875190502,0.3676633471546633
0.4797258631607023,0.5097439831900541
0.31493088555650084,0.4467117805911035
0.6592192814221652,0.5657815749427209
0.4744253972853035,0.5354621652583971
0.17240223823672157,0.3206032006222155
0.188393050287687,0.34849826657095073
0.2282652101469944,0.4007959624191175
0.21049681856883473,0.3765523653975994
0.21963976641327493,0.3905144270844174
0.7010059657471611,0.528842074376343
0.7082013309979731,0.5367044529539037
0.6636288808168234,0.5270263938038133
0.6285465358988833,0.530828230774593
0.6548440233076228,0.5508191350844166
0.8187968153082824,0.5314800821700846
0.7802529827705003,0.5270166392415065
0.3406499041896671,0.4537502658801359
0.30877407703441095,0.43913778694391337
0.22370541428221732,0.3707017659833798
0.07616156919731086,0.21079117145051776
0.10954478160265008,0.2586466889406358
0.19707874329037925,0.35724103261356055
0.36826478052531925,0.49077110184411743
0.23290000924898555,0.3998428124797283
0.872799349489551,0.5187677736233409
0.6504622097035522,0.5258693536260151
0.4415060308261207,0.5043063131280591
0.14118463868474457,0.2910180404088549
0.18087506431889322,0.3256316461553299
0.21998902477566035,0.3659534366304341
0.21522433137561378,0.360884323535146
0.17436076374366033,0.3372092924464759
0.6621125864012235,0.5534982027808497
0.687483223725754,0.5483549426250959
0.6421872321145488,0.5619537549962765
0.8835076280933243,0.5285698694148514
0.8524528365052766,0.5430209825047847
0.8097453033893461,0.5479197755500185
0.2616960951307323,0.48977198083461493
0.21176083688282998,0.4404497538413177
0.15875241366664222,0.3348539245572084
0.05972970201911338,0.18790098497404087
0.1122867783185586,0.25042955083066776
0.1523393268633954,0.30824016950640354
0.33824788649099036,0.4800863515730206
0.2251973262073908,0.3906184704975799
0.5945834027080307,0.5687231035418078
0.47699057122675664,0.5591517702954077
0.35388080219744616,0.5055014454916574
0.14247300442959163,0.2851850226907833
0.16399585161473929,0.3038311386985555
0.13982380756334523,0.2913117240686871
0.166957446063673,0.3249322649553481
0.15953800864613482,0.31758452388382885
0.1557424833442991,0.30425060328212006
0.9287187039290197,0.5256901843917307
0.9644965450334033,0.5284225305268123
1.037010240252315,0.5260269646958228
0.8177289498656733,0.545042062241937
1.2171290288828274,0.5266495340389906
1.2982538709744922,0.5242833696087849
0.29315639195608234,0.44200655936118727
0.26768734769659813,0.4216526542576917
0.22821886238320907,0.3727505769142583
0.160869955419852,0.3083576292831871
0.08650342478571661,0.21766233407566002
0.05452081449718253,0.18436106114919362
0.13944069407083326,0.2970290972622537
0.289316627001864,0.4363221597340581
0.18304705042481928,0.3469079839088336
0.714418784112755,0.5287664089524015
0.5990986177252273,0.5255867587760458
0.46476363591450875,0.5106670696755607
0.3351319264264429,0.4646614536215755
0.12450118871174878,0.2664095501453255
0.11735448820755778,0.2641473261970054
0.13889931780314296,0.2806286254418239
0.16496181867968757,0.31136537148030474
0.1364430088727958,0.28359168537081314
0.11760754890036627,0.26587074225857454
0.9456163261052355,0.534832744295989
0.9680394263435984,0.541235485388199
1.0593610168777938,0.5305688548570856
1.1220569799912439,0.5266178249986233
1.1981401795870186,0.5319659055068667
1.0624638886569477,0.5340715552969012
0.259338308365791,0.4828558306807934
0.20737730094648132,0.3922138257330364
0.16327304410525592,0.34849023369800025
0.11687935690482038,0.2739042050567261
0.04206043044448878,0.16273406904645235
0.09908772699371957,0.2371964000416499
0.1002793170433933,0.24822892212141615
0.2506492224121553,0.4244328978251011
0.16320672041316123,0.33180796742774155
0.5136446479690492,0.564093902172217
0.44102629698615176,0.5573602737224451
0.36485808553724985,0.5202920447443495
0.2693620477321573,0.4532798200225635
0.12205391537697016,0.26112885489313775
0.12312735357444742,0.26476288338233445
0.13600080738809733,0.27346169720002933
0.13390449920615993,0.28009265338363265
0.12154531525161696,0.2614014669211041
0.11933391675202748,0.25643030031970215
1.1423814008566702,0.5302129340581914
1.4804472012359862,0.524790393278818
1.182618186810861,0.5284686903706932
1.0995672616402574,0.5309402120190168
1.8072461992587898,0.5260440962627638
1.2640191910099248,0.526913573531547
0.31932790901021657,0.46987596519402774
0.2638562350965259,0.42918558873334045
0.1999557255709027,0.39811149997041095
0.17089573691027568,0.32465696568265245
0.12577955732285773,0.26696700505030035
0.05457762738020361,0.17796480061923906
0.058347104276156046,0.18386843980607384
0.05924876835223529,0.18914341815609334
0.10778619839699377,0.25540724093370004
0.22765883417490132,0.3859538370650514
0.14134259330259075,0.3006135074926908
0.5197600026496582,0.5208040510692339
0.509951336918872,0.5286563065754136
0.44711348931490524,0.5079395356399431
0.36275444557240155,0.4760692495185298
0.26109578246943316,0.41523436147913295
0.10884867366350576,0.24722517926691037
0.11828134887039714,0.2549015949179866
0.09917473729302778,0.23926589043449706
0.11722986229948618,0.25587083809266065
0.09885889530383303,0.23596868146133335
0.08421938953029223,0.2218714268951358
1.302452694132242,0.5259866592447812
1.310830922579226,0.5290845997281172
1.137707298291157,0.5291289985508945
1.4856111078378522,0.5288407128789826
1.4487949993378457,0.5258720806900274
1.138951366694396,0.5282821816559902
0.29758187922682805,0.5034406088969293
0.24187906476163074,0.45265147140759376
0.202891723690571,0.3653759332773009
0.14100630258400648,0.32321224922062464
0.10266457717638604,0.25448883083056917
0.03681988644559765,0.1536822133188425
0.04483370121066099,0.1653203339051987
0.06895262423422205,0.20078750297211231
0.08266159732880804,0.22489870907697587
0.18535652891581555,0.3656968315647984
0.12823270385017038,0.2898923692409845
0.448528795504987,0.558812377516558
0.4289365639201903,0.5281410342061269
0.36883191308544483,0.5183158700040521
0.2845427903889829,0.4692683641843246
0.22081399356790765,0.4028367809530389
0.11441142204608981,0.2511343578564297
0.1166555734008208,0.25236676403496927
0.1023125713746395,0.23870649891066456
0.11337790755001818,0.24708470409394076
0.09590817440025237,0.23085731831398879
0.09871790910505751,0.22831724330249484
0.1005907109903235,0.22950406243612273
1.1161879851508534,0.5322670636956993
1.8786824898552092,0.5264251994141999
1.125341861473431,0.5246309437235966
2.2321451300740915,0.5268540800749021
1.218161431484723,0.5299118419445628
1.1968951816024047,0.5258463003399093
0.364720090658163,0.5000236702733463
0.3024368920806591,0.4614654541749692
0.24637526749102387,0.41277482328235826
0.18667695441575624,0.37967243381681115
0.1574528231251971,0.30577715941820194
0.11572465181490502,0.2513615435449834
0.0357045351977153,0.15204538838054807
0.03174866378630918,0.14629584401060278
0.04358943053419609,0.16534251334457004
0.09014204762067371,0.23329661087806733
0.18599634649938387,0.3478280844573862
0.11074765582267904,0.2651648827283559
0.4862617837308133,0.5214298580811628
0.4512887878694199,0.5197966374993193
0.4018436274736532,0.5233358080057487
0.36298349756245274,0.47926677712185217
0.28593524815458593,0.4361958817946592
0.19149171534970516,0.3639951433557391
0.10969920069592555,0.2459289843198291
0.10472704556812144,0.2411902133206634
0.1056540580320926,0.23816871478909887
0.0854304801460222,0.21926618901720638
0.09365624891510482,0.22409408199072803
0.06460322396255613,0.1923310144429812
0.06834777690335359,0.19918035530184255
1.3211759113568482,0.5226868678715965
1.336717039893268,0.5304321033086006
0.9505493055738509,0.5325258190113148
1.3695275472334287,0.5301415479824538
1.2296193298067677,0.5231224146410117
1.0030041007085546,0.526384857622081
0.3412716350280864,0.5230085405853769
0.2821717313365549,0.4852888280280261
0.23628923349135544,0.43940288933468963
0.19195465444314702,0.35529576519128614
0.13662242188061055,0.31204132273207963
0.09672838308121873,0.24489113919728303
0.03879984749851918,0.15650057076561205
0.041950553793865995,0.16210358587264487
0.05274015579637366,0.17877970436418364
0.06365908541081239,0.19675895141913516
0.1318357386540392,0.3017261499960663
0.13277343770200423,0.2859843289076641
0.39518028609930145,0.5516321460077287
0.37986135417536615,0.539901583622746
0.347489247285382,0.507153503379528
0.3137664826441139,0.49902497987296734
0.2495417580856426,0.43940062810837677
0.16818244729404608,0.32977412768882164
0.204948000897885,0.3744724663388975
0.10259659473656924,0.23639666436490617
0.0925374388615579,0.2250657825545385
0.09365455485062207,0.22242948646477004
0.07253953922985668,0.20120589886197884
0.09318810757859099,0.21922561057515713
0.08378449974069208,0.21069195943750887
0.9289044884435484,0.5367676809631666
1.936103303356866,0.5257888548579965
0.9724290352666958,0.522605034866876
1.6933286743550873,0.521565495888849
0.9743789066029342,0.5189784254513711
0.8920771949364426,0.5238374846967158
0.4122488843232689,0.5198835909807273
0.34262665315315466,0.49084425005746
0.2877910729528503,0.45291414994489876
0.24594685961814755,0.4116764302457153
0.18654355506232911,0.3800208400116212
0.15008859391735746,0.2995429943763741
0.10708731613970002,0.245295883683765
0.07390488530554584,0.2098335508989346
0.08984561250948891,0.23653346269572226
0.4036000569957877,0.49982255276411314
0.4002608672183542,0.4996044688653072
0.3877414125554648,0.4901276816142581
0.3552656756182922,0.47195585165814646
0.32435684434252504,0.4526670088705773
0.23732770937984077,0.4029789300305835
0.12584521104077706,0.28397684247342103
0.17573927759585528,0.340669614312336
0.0900362424764756,0.21940605917837688
0.07813206795966779,0.2059920575035508
0.06802367463012819,0.19246804870818388
0.07014889482078805,0.1939896254572235
0.07804136493789,0.2099571830968822
1.0631805596899109,0.5138335631899449
1.0202930950983848,0.5401975288366698
0.6764035602414455,0.5350406446112167
0.8947808138138222,0.5443561541867732
0.6190036128093656,0.5596780698066207
0.6832094945031209,0.5436076972832566
0.3761171822414237,0.5346669501960756
0.32268379344905557,0.5070778096265676
0.27546055543050396,0.47406248787136884
0.23685979376596678,0.4376483959917956
0.19641540268031737,0.36208286266187983
0.13981206061101323,0.3127275465204584
0.11063950431134321,0.2612982245482247
0.10645188077199327,0.2542356626406923
0.3640511926518905,0.5418213862027482
0.3625496048025932,0.5299086824922775
0.3436360293486602,0.5107754936338034
0.2898728363500222,0.4748638629754147
0.2589357027228847,0.44565432416639206
0.2580117702451639,0.4167767297301682
0.14935037613334523,0.30741872050656793
0.19780834423248522,0.3608870396852911
0.07896786567962577,0.20439562384245033
0.5736701227284737,0.5589578190140476
1.1634770932144027,0.5137914178534573
0.6813262160791482,0.49267947151486213
0.667865845512997,0.514866971300429
0.8830435333601441,0.5057152955392078
0.6994828815497403,0.48603043142108104
0.44467945077497156,0.5297489058219156
0.3779202244751839,0.5096784758036214
0.32581491388151196,0.4842472436180203
0.2832722237246773,0.452269926023005
0.24439239119819484,0.4136127260320046
0.18828352833041317,0.38265795208615483
0.14939151475452153,0.30431386323936493
0.37442140934593426,0.4929167076319363
0.36594684110398834,0.48960565916389864
0.3702586857477419,0.4836532214545759
0.35443150876951207,0.4699824251243454
0.30163203524537774,0.4394813275124536
0.22217747549104225,0.38464383522615175
0.6019991227458545,0.5008557938640229
0.6768600816774437,0.5156356991324372
0.326428823057735,0.49445456413896194
1.1905586740733876,0.5026371927611117
0.448230275421933,0.5139299646775125
0.41928108508513706,0.5587429166528317
0.3427636493357055,0.4895514707332169
0.40083323776454244,0.5410215450918879
0.3523697492871267,0.5199197810558831
0.31437415978690386,0.49719006653225917
0.2793977217148736,0.4702637872965031
0.22381057500134183,0.4159137845328187
0.19852608514201306,0.3684978937460305
0.1588353432820066,0.3317186502888797
0.361197552017946,0.5354322976203443
0.34730101884894515,0.5135549870709494
0.33714386056251655,0.5009936195212578
0.3049073064703966,0.47990650911366994
0.2737575042908536,0.447945008310507
0.25108211962018956,0.41231202996775185
0.3598556160653435,0.4801071223618273
0.43703821862039943,0.5745370964020649
0.4724780964324194,0.4571072608238177
0.4143066828997531,0.43898986927916694
0.5492075360649992,0.5841126583988782
0.3986423484457592,0.4487310259343835
0.4877620920023286,0.47947212150013196
0.4725708962242783,0.4588679221489024
0.46000214736069983,0.5335415899748904
0.40135684066573846,0.5198396686259228
0.353897981270973,0.5016547918952313
0.31656844447746857,0.4812368288991167
0.2835003681524426,0.46109868636094997
0.20569293754983953,0.387763451568629
0.25467682815150494,0.4403393175278988
0.34066290791825904,0.48407968079494623
0.35297383719182773,0.4943563228904361
0.3552037340797515,0.47701553603208957
0.34873639741535867,0.4654306587077697
0.31841191697510546,0.44568558165635386
0.28169937579016435,0.42289375438516463
0.24082059498426414,0.4257848581626973
0.8778469490929391,0.49724776126138237
0.45096402896924515,0.45250408103592954
0.16814546745572267,0.3600691367719935
0.17903394355741453,0.3789002614043301
0.9159874149810487,0.5027995314439659
0.22898923276647093,0.36358197849766827
0.33096923615860874,0.4334704211679703
0.19112851515946788,0.37093323145754675
0.4077458245218322,0.5416729026492967
0.36694538488230494,0.5251530415386114
0.3370571867986649,0.5081296907234858
0.31310196493844084,0.4915914264495832
0.29470263590661605,0.4763860511478847
0.33544770282029573,0.5207813252726013
0.3332659303298586,0.4866520766853387
0.3273192108317275,0.4922947290381662
0.3216054624619994,0.4818042798180642
0.3018575474187385,0.4667172724615627
0.2924290809809316,0.4476306951261809
0.3229667100184024,0.39152638597587464
0.34076080189140673,0.5540591565353195
0.20600006335881438,0.39412082638254575
0.2772313338421033,0.3655692242303662
0.28220823628416314,0.36737359566715366
0.4656944899579808,0.5650734901728214
0.21350913687699113,0.33347663479310974
0.2235919019046005,0.3532577109397307
0.2520793093463253,0.4202983984028922
0.4558065451188722,0.5347826439128432
0.40823713612344154,0.5227025531289937
0.36760419076777334,0.509668761201873
0.3382799413181681,0.4968962439715935
0.31347784597274353,0.484638684509925
0.3376456030271775,0.4796926938430819
0.3416885870395763,0.4733644039985099
0.33312881343928236,0.50354886446074
0.33433375919395136,0.4674282698250152
0.34054326281333974,0.4569955665337274
0.32944388446368394,0.4545351306054366
0.3157578386913562,0.4394413138950817
0.1403766806481771,0.29819032588256356
0.33125694397033933,0.45639170439162924
0.35560777674637795,0.4279774837992154
0.262292883187507,0.3685302169006758
0.09228344782645968,0.236223564841439
0.10378568494683084,0.2551930840491823
0.491371526176554,0.5448926398676076
0.4607483735272112,0.47338311793509524
0.11912288673341893,0.25445686123097855
0.16563017895727578,0.30222832697349833
0.258026731449455,0.3784002721155525
0.40075422545427175,0.5401337252810394
0.36330970529343,0.5220107152781901
0.34344502687926703,0.5100194312343191
0.3270086439313555,0.4995389317893485
0.31608335287377287,0.49045992213975187
0.33358988195832023,0.5217881508955658
0.3321799347806343,0.5150035636379395
0.345603751031464,0.46538862776949586
0.33092399860702715,0.49814422769968525
0.3340069018697108,0.4906401755137665
0.31122098569211565,0.4410057992558195
0.30625305777955675,0.4548714419676767
0.20456301658906356,0.316349982330245
0.5166795314691348,0.4994099913169191
0.2445664569794485,0.43749092436314363
0.18654709347334372,0.4005327719825811
0.13439281461513292,0.2921733272223659
0.14512001244818684,0.2659441201567627
0.17535274606259407,0.2904069659412296
0.7871180578610584,0.5125951575608663
0.4477983953367476,0.4965001514752039
0.28102623172447466,0.49954361534451364
0.13708413678662676,0.26498124636095477
0.14097670097856013,0.28585140455135394
0.16090816311234257,0.34381508595283716
0.4381965731399373,0.5342107071950798
0.40449709981565996,0.5196153996005021
0.3652149600857219,0.510186353017969
0.34412105370162077,0.5012459672301142
0.3276777113631887,0.4938280051289401
0.33635016742225743,0.47660700685931323
0.3411340773865051,0.4692185142404214
0.3424334143896618,0.4652337081853226
0.33462129388126177,0.496922136771929
0.3457607602529675,0.45775855603650684
0.3483611328374877,0.45781166677517426
0.33695831704413787,0.4731067810396723
0.09504031968386782,0.2330741603837059
0.29228847061251384,0.530876760383212
0.2351030858438905,0.37137574893571945
0.2798704147863717,0.42209692796614107
0.21922052368857123,0.34979327127535
0.15149620030767105,0.29403183525787835
0.17169824309935877,0.29496094401362505
0.0782976840841485,0.20482131540246615
0.07455267346935687,0.20477680561408054
0.5356806109996509,0.576760990137331
0.3689176036362729,0.5033106199169953
0.2939977471803658,0.4118141618832444
0.09952159989801881,0.22883191925210858
0.13857053461130334,0.27214258863046703
0.19107715917808904,0.323469966491554
0.39871075255705757,0.5187844504550585
0.35451463678886475,0.5203261374714686
0.33963755123089406,0.5050197246099142
0.32870599388783756,0.49877951775210194
0.3237890329586553,0.4947843556159889
0.3326768928577793,0.5204119525180471
0.33118199050147884,0.5119268427397166
0.3372901775667982,0.5027868152987786
0.34883456556686654,0.46002416900274923
0.33901320617352576,0.4916181946206831
0.35831035875093303,0.4921402033187725
0.1373071992569795,0.2601628264506074
0.35192179018637804,0.46222775119962345
0.1407047660047785,0.312176116742399
0.20615431760695788,0.37808520356689523
0.12705076549990912,0.29770057212032985
0.11715629567214093,0.26458250596714994
0.09085016324916802,0.2323772178646912
0.114422881996829,0.2368536136192748
0.10478222122016137,0.2283330773222774
0.7233074300915954,0.518333791034492
0.5282175162019577,0.515210593960771
0.290111776089731,0.4637095379778846
0.19051636127157984,0.38632158343573986
0.09945745968770436,0.22882603241195612
0.10529452989710578,0.24834957002223515
0.12337276606395278,0.28601055495894523
0.3494041682725811,0.5233403506509268
0.35550605034621824,0.5051238107185173
0.3331284987041816,0.5032391509082118
0.339062167115816,0.4987392751023869
0.32914278755359133,0.4960214672964097
0.3458107689670326,0.4847311553077648
0.3411489916222325,0.4696587675036116
0.3364594741448196,0.4664043099598796
0.3514824342503199,0.4607217235294351
0.34143260929885655,0.4895626454269668
0.35602202956071183,0.4568876646818609
0.07443662046105767,0.20377727396399178
0.2263521954162415,0.4644308363011951
0.1593579861246097,0.30497713492022793
0.16756479371626787,0.32617881017114847
0.15595189815656982,0.34194638118185006
0.1510912826177097,0.29023653115558945
0.12616433327946802,0.2605475530090805
0.12415382092230084,0.2515823445996811
0.06962528444138481,0.19419338772667802
0.07422116874383641,0.19838478747764363
0.45430384357322356,0.5654972973581093
0.3701909249506579,0.538697211986853
0.285406694525203,0.4176288460929005
0.36869497331260226,0.4721736109514648
0.21809902504505027,0.3526913508959433
0.09235779151949008,0.21983638175894324
0.12172086714309219,0.25398365314833327
0.15058045726659167,0.2876718738366403
0.3962201691524311,0.5140520983000942
0.3562176750634709,0.49809849998958156
0.3258680492440618,0.5070536132858982
0.3299864143590387,0.49380477548193025
0.318527262569271,0.49619027339533006
0.32275250694351043,0.49514481368649765
0.3441588845566511,0.5268007646690911
0.32862130718567817,0.509567176010341
0.324938334239787,0.48051261870484085
0.33619264517869,0.48320682205668375
0.3573206094477871,0.4583574824664397
0.35300111455013305,0.486015939053264
0.10266892149785044,0.22743886736412486
0.29694580670582094,0.436612007550913
0.23439831778859005,0.39540128699900057
0.1096195330403932,0.2650553597339005
0.14837215047704602,0.3011918628385335
0.16930818113418858,0.3207506425888431
0.10925185139473625,0.2529998669222244
0.09266134620518729,0.229175777673898
0.07656357827701876,0.2083943280712328
0.09106928038966589,0.21442330071150248
0.08309201549575385,0.20732099660172457
0.5351475550455039,0.5165111240437805
0.4499036484838733,0.5094702458201388
0.19634635182351218,0.3819047487792967
0.2820366787974903,0.461018164661227
0.14189156461781255,0.31276131329191736
0.08059510509147638,0.20952410189826928
0.08708199830814779,0.22516710996558628
0.09907051052379383,0.24828129299351873
0.3158762014023245,0.5131000976355327
0.2929232748494853,0.491222978055355
0.3303588842500773,0.4882868932478964
0.30637136048721086,0.4900870763489169
0.3217908144832201,0.49222835178578406
0.381300084924338,0.4978515791297241
0.3504383254594158,0.4733452933433009
0.3369865599879259,0.4675180591171062
0.3218169009752916,0.4808337349331918
0.33274604952474196,0.451321202475203
0.3512132628580288,0.454599752950268
0.3478269128772192,0.4808920046964342
0.06989025452891459,0.19597198232683563
0.2251455441120871,0.45523969530880704
0.16919620368360674,0.38321947350502716
0.12113720557699273,0.2637447167426995
0.11131514007751381,0.2711528039772432
0.11489566154150918,0.281110526382627
0.1075913057054799,0.2431599172622291
0.09414964722317362,0.23486976811483015
0.1014861979146443,0.2328750425075279
0.09699371135736497,0.2245646290142648
0.06790318805902737,0.19155952738688778
0.07348678390509902,0.19765582643349514
0.4300986246588238,0.5588821448337012
0.35312009470630146,0.5091599868528179
0.2089679091615817,0.35885929637768976
0.2773271144703747,0.416597282279602
0.3326775498006671,0.4668983547169262
0.1623743815783061,0.30657305436878357
0.0876115100190837,0.2149174439829035
0.10504270442850588,0.23697088979568834
0.1188795871804921,0.25611730805477606
0.35322440875940403,0.4935259750004216
0.32047166812095096,0.4780338428642297
0.3009496106296294,0.46619182061924513
0.2858448487153519,0.4793944863705424
0.30205346207147477,0.4784976511639615
0.31009939892514804,0.48723784786088353
0.365309279350397,0.536969995377805
0.3306476665012008,0.5111214171965
0.3265102208877621,0.48028089196198065
0.33489668380696536,0.45760624382673887
0.31775287421485837,0.4777798985777997
0.34177596382577546,0.48189975239020244
0.08579681812672207,0.21078658676036702
0.27218209976333363,0.4350322089811506
0.22704174563623092,0.39281007320338235
0.18121347607452043,0.34108952754362953
0.08134088178519486,0.22520716775110242
0.12687227005769774,0.2675146914510039
0.13288421952933574,0.27433566766728545
0.08856380541569348,0.2243431186278154
0.09897356673278179,0.23523682430955425
0.07982771005616324,0.21155412235717788
0.07148976510925142,0.19983150260583357
0.07710742898527892,0.20090219873762064
0.0715173681454488,0.1960826016737974
0.491071727320043,0.5188009778823118
0.4316356834691592,0.5103274850325371
0.3549592585863358,0.5051739529160422
0.1528564667636509,0.3263434554797757
0.20730809485974397,0.3955358794552648
0.27779267419881826,0.4593450867669264
0.11269326103522609,0.2706336383982526
0.07122223442694178,0.19926656372158616
0.0762540151908298,0.21026947890383949
0.08345197631808242,0.2252154420691028
0.2750036442754642,0.4900717485286943
0.25811802151259905,0.46797998337057145
0.2497069379338704,0.4533599596254875
0.28855532919352933,0.46981012689578905
0.2954801347150627,0.47689106394182024
0.4286028789749655,0.51233167614674
0.3720971806094553,0.4835652496642877
0.33718881425666336,0.46762625663778057
0.2997588328942269,0.47613186305034616
0.32237195704639576,0.4577248214812233
0.3339373203406777,0.4473290478481742
0.06753201370517099,0.19269101116616247
0.23857589342711472,0.4617534335521346
0.17743842979029462,0.3651851171788413
0.1499750349613418,0.323901199454235
0.10125609332465142,0.2359405769868955
0.07580234978554089,0.21865517519958996
0.0826464997820131,0.23017255043372217
0.09030538913755054,0.22237690145508573
0.08471793884188403,0.2191401323300534
0.0722922577703222,0.20632573417791025
0.08684039981957009,0.2163341315579063
0.08272501472577706,0.2097511755156473
0.06740958032677796,0.19133915071438615
0.07234775845519094,0.19713026631255884
0.3834843050123388,0.5466650584124768
0.35162723013422037,0.5268402516677649
0.325231279013744,0.48500982595653186
0.16394250753955977,0.31695190177802657
0.21377148548521496,0.3665745386519367
0.2647598651869247,0.4167959225966097
0.3030504405151943,0.4609494634984448
0.12485239046848744,0.26847909951157134
0.08101333558355764,0.2084300261555094
0.09012753012292937,0.22135460066949184
0.09925999174989597,0.2344479008094049
0.30848331724817213,0.4647244976463004
0.27881918049102483,0.4470167093501377
0.2667119192048289,0.436546368254092
0.2579632641233124,0.43240169336261125
0.26450632441182353,0.45020494352552953
0.2769915829241819,0.4606236135385354
0.3294746610450706,0.5138501255090331
0.31041526367626304,0.493127726256133
0.31611498792778103,0.44570293865481625
0.309638489544099,0.4710691143247171
0.3294936563945655,0.47158779897563385
0.07504189765421336,0.2000918916702729
0.24096320439469154,0.41471234671309853
0.18343711770467674,0.38071820964483893
0.1263122967093484,0.2901266595914507
0.06399124257693274,0.19604479484803308
0.09977185006358233,0.23369387892857427
0.10731280315855435,0.24256147856610935
0.13334176692389732,0.27697972111959346
0.078150985478247,0.20960496610664728
0.08472953250220014,0.21681490503417636
0.08716200875241846,0.21825947525005993
0.0732404912466483,0.20243476889486847
0.06828868262751023,0.19518179303212832
0.06862281481136269,0.1927661385167642
0.06497627199325995,0.18972418148817824
0.38748669777823636,0.4928969102128844
0.34387109712320385,0.48209997568600316
0.12561635287983536,0.28783936688377043
0.16617337600700252,0.3429202259533326
0.21636608685969566,0.3986359537815588
0.2650618073731363,0.43339004675153725
0.09095842623752334,0.23671208919439593
0.06488770535620354,0.19203694733014084
0.06775859407971978,0.1988944959272765
0.07085480207419119,0.20549023781069878
0.21716339706421728,0.43232454014706245
0.2097391035047232,0.41544153341740764
0.23758860588536168,0.43266190122899406
0.20915429741331448,0.41008669726736224
0.2621362304504713,0.44902645384185746
0.33705409570049005,0.4682336843757101
0.32173520194245014,0.45219616624175507
0.2942977923717944,0.4584831417501368
0.3162818353030324,0.44292146366339025
0.06588228491947176,0.1908808846307609
0.17644549442095275,0.34928244406126707
0.13523114843331166,0.3099640892545006
0.08587276350886433,0.21557405301417307
0.06036470167344918,0.1915382951965572
0.06543878813884052,0.20100197195890526
0.08640327786927252,0.24143862126900714
0.08006520613749352,0.21004438377587945
0.07629699848694937,0.2071466498229476
0.06985927492393199,0.2002010514406886
0.06209384705866144,0.19012475463808334
0.07760104237397884,0.20590009097828058
0.07354404247741275,0.20008076365560015
0.06619581062215428,0.1905980706372664
0.06910005150277077,0.19428261770341684
0.3021544320572121,0.45907680161662956
0.17173935974850066,0.3274712009557964
0.13150422796604047,0.2859451434366457
0.20873290898332958,0.3717006670587253
0.2438233875006695,0.4129527822424096
0.27205752474353556,0.4387837583208398
0.09822264407963723,0.23717516994381768
0.10843660415123227,0.25489492995964036
0.07351939820647685,0.20068262599971767
0.07841483665156913,0.2084109619629069
0.0777420065943842,0.2095865264606124
0.2252243436422039,0.3995995364966366
0.21810304897172694,0.39018637043014226
0.22452823856180296,0.41195837546371505
0.21431103239579855,0.3938614240220414
0.24404478616104391,0.43346891425228373
0.2939740440890107,0.47073707742358595
0.28402118405523585,0.4608508506198842
0.2987756722394438,0.4452867125092552
0.30974756624872984,0.4573186058280341
0.06781724883301193,0.19285916663867567
0.16870627275727001,0.36023772374894847
0.1459309243164271,0.2987489310937289
0.05226880485278028,0.1769820475445494
0.08441901694154594,0.21352665764399184
0.10557955351740997,0.24546953411278158
0.08870060795301805,0.2185733481657777
0.07242739832509842,0.20185472693605241
0.07609871319387791,0.20621741176827843
0.07936827642820816,0.2090197200140669
0.07490969074094708,0.20192168006606945
0.06889955315589628,0.19672005433872788
0.06545427722243989,0.19162817407226565
0.0629763450626003,0.18728641243979902
0.05980583536474837,0.18438294250183432
0.1346402353393812,0.29948224603194185
0.13334566191297353,0.2886496605862565
0.1717745928180166,0.34664801645913834
0.2138290115962012,0.3869860127837558
0.25053147950471544,0.4198084729330538
0.07737716797682291,0.21631508909682082
0.09872696761274866,0.24465317967362718
0.05867040156738453,0.18462805467226232
0.05982971175274748,0.18815102715504403
0.05911910577703337,0.18830319025390294
0.16158892469466696,0.347871065933556
0.22031059330002017,0.4075514887867505
0.17740923940449593,0.36181322135094185
0.2930817713159123,0.4413175240723378
0.28426613953878843,0.4345306423982477
0.28580124001590146,0.4274448357733369
0.06359600013527525,0.18852490625522808
0.18072677838677165,0.3434463797209014
0.12349400535345244,0.29573403035271306
0.07272011508573346,0.1984664083237613
0.053843136333360936,0.17928552578694165
0.07815222640687002,0.2176862664111985
0.05996751921213582,0.1877219280795616
0.07275002851080997,0.20209350219508118
0.07374708791049316,0.20248550439674054
0.06777339079463182,0.19655931434450616
0.06712761311138303,0.19503722413486682
0.06701112799731879,0.1935404014263533
0.055047810854907835,0.17887301765528288
0.07107156808430169,0.19853033607791573
0.06722442502066715,0.19329725321913885
0.06313198920809583,0.18764160482574468
0.06365877885323953,0.18859198245788136
0.16553007079975007,0.3261896099012984
0.11403045793530198,0.26923274260864793
0.1992941553935298,0.3675971048396194
0.23264184584044145,0.40108663180965476
0.2622868246722524,0.4339240250675499
0.08124257865379718,0.2189928519885194
0.1030703579751808,0.2490005937076972
0.06463493266407651,0.19072771065357028
0.06513212186772362,0.19228795716186595
0.06423547989369754,0.1947571152171745
0.05806233989051168,0.18423937027301182
0.16643361352395108,0.33579341711801947
0.1948164677656323,0.3780156461115114
0.17671654645440127,0.3533932036424009
0.26548605743165543,0.4261900803779364
0.2715860526486701,0.42445915805649137
0.0626589345228465,0.18751574855725897
0.13005429453971365,0.2857286137224577
0.05479973111973703,0.17784751219356107
0.07168194716642987,0.19764169899393366
0.10029483684620555,0.24728402459862595
0.07985047561942837,0.2122045557569062
0.06366942009697156,0.18920792768067698
0.07096808139075673,0.19968050721575606
0.06809608564038697,0.19615003364314973
0.0731480231690434,0.20156435257616515
0.0675388038192715,0.19524063792196564
0.05962559815457978,0.18437854178604232
0.0706446661505031,0.1958475600275272
0.06522080322040491,0.1920679960172841
0.06247082558459878,0.18805636463575523
0.0585588136599364,0.18266641759961746
0.05542784810006361,0.17936330755834598
0.1372726047174202,0.30033222516902547
0.12963801875177458,0.2843603747981801
0.17238962916336342,0.3411949134884924
0.2092556199325997,0.379730376333662
0.24986422617545828,0.410908842590725
0.06411133680250476,0.19729921892182786
0.0835407604394805,0.2261572942834805
0.05402374280189764,0.17859174798015062
0.0542979840552154,0.17975198788371657
0.056256933784685825,0.18432769461496598
0.047965380088904316,0.17132704999486356
0.13331618492938477,0.3010657461917964
0.152270989549387,0.3234561972569533
0.25714625784827316,0.40787084554949704
0.06034464998050909,0.1849399157398419
0.06325271819249871,0.18659422683361607
0.09543454416571208,0.2399048816179151
0.06798401507443622,0.198599707111466
0.060215331285791374,0.18436861473905394
0.06965773691689267,0.198043750128208
0.06870440286778928,0.19701072431895703
0.06870506200174344,0.19645717562390688
0.06961094150780604,0.19677257891168923
0.06784124765936372,0.1935724667326119
0.058807428469887776,0.18226134311501155
0.06584443834958192,0.19251107947233068
0.062283902584624365,0.18777708113075173
0.058979924494841116,0.1830962546699693
0.05783713401759134,0.18194784969870118
0.15886190644618475,0.32037611071320704
0.10779779314733806,0.25993395399125996
0.19610420898069142,0.36185056253382697
0.2328026964730402,0.39980351753664556
0.07551943287728576,0.2119856479261035
0.06098916475496613,0.19058356967858395
0.09545340909340974,0.23928349571675098
0.05711391532354798,0.1818666853435804
0.05084995103815691,0.1738307286134859
0.05030421764460144,0.17448091279846448
0.046193432506658944,0.16785251070414517
0.13594629938120628,0.2964227049264774
0.23954878992490972,0.4000504047136286
0.058164226398287805,0.182508160879546
0.05907940836091914,0.1818923421084729
0.05691633802520768,0.17943768186135553
0.11042082225375868,0.26275035079929865
0.08064315440967483,0.21790006050255514
0.06258243616546932,0.1886863023213273
0.06724717872929425,0.19485372499958378
0.06935138121415224,0.19697691084124222
0.06456074903439638,0.19151969829876495
0.06494515212676005,0.19196956745848034
0.05952184894564706,0.18500993304634397
0.06243760419586593,0.18742178569126686
0.0625534086261268,0.1869977495733535
0.06176302954805077,0.1877029820195232
0.059089428649696275,0.18396875736181426
0.054172521060802975,0.1776026906864541
0.05211751084690676,0.17516910880002987
0.13771131333055608,0.29738826372431715
0.12378922389717345,0.276312295768807
0.17258756956254404,0.33630277413206644
0.21717659277856277,0.37839433309063875
0.049536152615716166,0.17216207161043576
0.04371746632307436,0.1643332622347002
0.05681243477200708,0.18076002890946616
0.06608400923416363,0.19366697231837518
0.0657010313533238,0.19313949524327897
0.06406875715082234,0.1908640746643406
0.06788823029356539,0.19474553610309572
0.06887343181317358,0.19509380691660064
0.062066399892237126,0.18730932910861633
0.061320914760677546,0.18713314988208699
0.057577724560081096,0.1822523463457035
0.054190510891600666,0.17734776972983338
0.051649963717185714,0.17444826920524806
0.15776862844143666,0.3165494095158814
0.19869336056328007,0.36351903101879446
0.047015927731630894,0.16842879706865185
0.04336526919945338,0.16341727467972458
0.053671583032991625,0.17717869355219404
0.06580392324405059,0.19282563830373797
0.06371854999631027,0.19043061254733593
0.060926371581055176,0.1869021013953732
0.06427297475861453,0.191210995615495
0.062226583718024406,0.18834094338439947
0.057902876300251774,0.18283449892943612
0.05547681565782954,0.17943767034452598
0.05024763000581008,0.17257190351789595
0.04543770209805742,0.1662106710949419
0.04206891779981538,0.1616734984534751
0.05272295139460375,0.17563849928492167
0.06387447825540225,0.19091592225442514
0.06236655818550248,0.18898838721187758
0.060255860035504705,0.18610314164405437
0.0639843243257676,0.19061617164538266
0.06624994364882711,0.1927951805680013
0.05712397199059185,0.18191178146465928
0.053862205675346164,0.17756964040312642
0.047601636070190675,0.16904063712107162
0.04589248253776989,0.16660905185317257
0.04233984103787301,0.16167298740144984
0.0499201455233373,0.17229106491078047
0.06300476593479704,0.18952517497442387
0.06018449818405186,0.18601963511411648
0.056982856036209235,0.1818366621478201
0.06447867357879994,0.19123283274662986
0.053970699959572176,0.17773045581766708
0.05157446455916893,0.1744838245303099
0.04898317943676958,0.1708165493799869
0.042559598783612276,0.16224370555219722
0.050507812504446206,0.17286338411736155
0.06257594759468277,0.18918794064809993
0.06165528138250606,0.18816138714595568
0.05929929510485682,0.18504386226931094
0.056527012848566385,0.18128513437049357
0.05342847956831677,0.17704758992255712
0.04541409289457377,0.16591860245321247
0.04210399626387086,0.16128150679615397
0.048410214391637715,0.17023507210587638
0.062309512707612154,0.18874062183734905
0.060494308877700374,0.186485266054107
0.05666698481214431,0.18152252884526424
0.05362682925155274,0.17740177712032076
0.0501988272590303,0.17264608063703255
0.04397605194577534,0.16411204908646285
0.04597114349151499,0.1667576477643414
0.05923062065624174,0.18491558879375516
0.057472336662035634,0.18262314297324414
0.055813246410413644,0.18038532969662288
0.05322251326589413,0.17693726418559472
0.049464145012528604,0.17175340413425075
0.042270839550441835,0.1615380072352879
0.044860228165859356,0.16535262344249071
0.05545736970363639,0.17994107891064673
0.053461809736747225,0.17727749767321663
0.05161145602107298,0.17468882613009803
0.045972091335556575,0.16685285819641996
0.04290197169187708,0.16246891524932353
0.0536872241463444,0.17759464323960403
0.04953225249159855,0.17190529378428257
0.04553355208104706,0.16630587948332334
0.048552567422421554,0.17046420621712396
0.051804474308944186,0.17500507081289532
0.05011977569828187,0.17267395653179804
0.043158362133797014,0.1628488326887695
0.045584844265674246,0.1663240589852968
0.04826703315268427,0.17010380864833516
0.04525937975194595,0.16591183955130387
0.04640709337393214,0.16750553844873603
0.043201387253458366,0.16294690791323038
0.0451989843910964,0.16581777026959613
